Modelo,R2,RMSE
Regresión Lineal,1.0,1.0602869867288134e-12
Random Forest,0.9999995731210181,0.15460794232004896
XGBoost,0.9996461260794997,4.451472480785049
