Modelo,R2,RMSE
Regresión Lineal,1.0,6.629493177242775e-12
Random Forest,0.9999382935245539,1.858851878476213
XGBoost,0.9994223039555004,5.687600858240827
